<?xml version="1.0"?>
<USER><LIST><ID>1</ID><NAMA>Zefanya Sendri</NAMA><USERNAME>zefas</USERNAME><PASSWORD>$2y$10$aCWDItSPO1/ObviFylgKv.sVy/wP00X36LBdMWS3Tau5/mpYT30x2</PASSWORD><EMAIL>zefanyawiloso@gmail.com</EMAIL><JENISKELAMIN>Laki</JENISKELAMIN><JUMLAHPOST>5</JUMLAHPOST><JOINDATE>18/03/2020</JOINDATE></LIST><LIST><ID>2</ID><NAMA>Zefanya Wiloso</NAMA><USERNAME>zefan</USERNAME><PASSWORD>$2y$10$.4xfYEWi804D8fOAyG57NuUeYC2KrLyvr415gjOfyLSPkP0Bl1nEK</PASSWORD><EMAIL>zefanyawiloso2@gmail.com</EMAIL><JENISKELAMIN>Laki</JENISKELAMIN><JUMLAHPOST>0</JUMLAHPOST><JOINDATE>18/03/2020</JOINDATE></LIST><LIST><ID>3</ID><NAMA>Hilbert Purba</NAMA><USERNAME>ibepurba</USERNAME><PASSWORD>$2y$10$j6ok2PagczbYJluTYx.dBObuTCo0S8aC1mIj71sOSFLi4QLfGvMge</PASSWORD><EMAIL>ibe@gmail.com</EMAIL><JENISKELAMIN>Laki</JENISKELAMIN><JUMLAHPOST>10</JUMLAHPOST><JOINDATE>18/03/2020</JOINDATE></LIST><LIST><ID>4</ID><NAMA>Christian Satya</NAMA><USERNAME>csd</USERNAME><PASSWORD>$2y$10$o0qR1D1/uwy1emuf0AqjJOnlegiSpPQrTbPm8vxGNPtp8ZfptEejO</PASSWORD><EMAIL>csd@gmail.com</EMAIL><JENISKELAMIN>Laki</JENISKELAMIN><JUMLAHPOST>6</JUMLAHPOST><JOINDATE>18/03/2020</JOINDATE></LIST><LIST><ID>7</ID><NAMA>Gilbert Servio</NAMA><USERNAME>gil</USERNAME><PASSWORD>$2y$10$xGm7jUAqAeD1SIBrI7jc.ejC6ty3UrpFo5KCGJPedxL6ypwDWyL2y</PASSWORD><EMAIL>gil@gmail.com</EMAIL><JENISKELAMIN>Laki</JENISKELAMIN><JUMLAHPOST>0</JUMLAHPOST><JOINDATE>30/04/2020</JOINDATE></LIST></USER>
